timestamp,class_id,class_name,confidence,bbox_x1,bbox_y1,bbox_x2,bbox_y2
0.0,0,person,0.8710732460021973,17.307939529418945,143.7628173828125,80.04186248779297,269.1197509765625
0.0,0,person,0.8535643815994263,346.1299743652344,142.19766235351562,400.10906982421875,268.85186767578125
0.0,0,person,0.828485369682312,412.242919921875,156.39956665039062,447.9103698730469,248.75523376464844
0.0,0,person,0.7957268953323364,120.35502624511719,155.43370056152344,186.8411407470703,268.6549072265625
0.0,0,person,0.7816321849822998,306.51336669921875,159.21859741210938,335.6545715332031,238.10513305664062
0.0,0,person,0.6004791855812073,0.03031444549560547,150.62062072753906,28.426773071289062,268.2079772949219
0.0,0,person,0.5109326243400574,455.66778564453125,151.42391967773438,476.9699401855469,219.697998046875
0.0,0,person,0.32637929916381836,261.9591979980469,150.68577575683594,278.1775817871094,180.33047485351562
0.0,0,person,0.3213679790496826,386.6270751953125,155.87513732910156,416.2049255371094,263.8014221191406
0.0,3,motorcycle,0.3162132501602173,258.2630615234375,164.83889770507812,275.4421081542969,182.55825805664062
0.0,0,person,0.26429978013038635,437.5501403808594,153.93966674804688,460.0295104980469,204.15858459472656
0.0,0,person,0.2619384527206421,0.193488210439682,151.69175720214844,28.95399284362793,206.85897827148438
0.04,0,person,0.8785354495048523,4.1754560470581055,143.0810089111328,75.0674819946289,268.39892578125
0.04,0,person,0.857160747051239,345.47216796875,141.6022186279297,397.9501647949219,268.5367431640625
0.04,0,person,0.8142799139022827,410.6131896972656,157.58026123046875,446.2620544433594,249.56585693359375
0.04,0,person,0.7797591686248779,116.52262115478516,155.7466278076172,190.22195434570312,268.48419189453125
0.04,0,person,0.7643261551856995,305.4729309082031,157.67587280273438,333.900390625,239.0531463623047
0.04,0,person,0.5266517996788025,453.08026123046875,153.6604766845703,473.8807067871094,218.92933654785156
0.04,0,person,0.5149706602096558,387.6589050292969,158.62033081054688,415.9706726074219,260.7314147949219
0.04,0,person,0.3982364237308502,259.37518310546875,151.26023864746094,274.79388427734375,182.19683837890625
0.04,26,handbag,0.2767445147037506,304.05474853515625,181.70350646972656,320.6445617675781,200.25909423828125
0.04,0,person,0.25873443484306335,435.94488525390625,154.87171936035156,456.0071105957031,205.17532348632812
0.08,0,person,0.8970581889152527,0.10828296840190887,142.57485961914062,70.45036315917969,268.5783386230469
0.08,0,person,0.8528743982315063,342.92645263671875,142.2237091064453,396.7583312988281,268.53985595703125
0.08,0,person,0.8170639872550964,408.0464782714844,158.27040100097656,444.35406494140625,250.4978790283203
0.08,0,person,0.8056234121322632,111.53710174560547,159.62515258789062,179.2121124267578,268.7629089355469
0.08,0,person,0.7710323333740234,303.59051513671875,157.41024780273438,333.5534973144531,240.55885314941406
0.08,0,person,0.5383617877960205,450.9480285644531,154.46688842773438,470.03692626953125,219.38645935058594
0.08,0,person,0.4511057734489441,256.8883972167969,151.97149658203125,274.13079833984375,182.8516845703125
0.08,0,person,0.41718631982803345,466.9927978515625,155.66160583496094,477.8281555175781,221.2726593017578
0.08,0,person,0.3737674653530121,381.4651794433594,157.71420288085938,413.97674560546875,261.0361328125
0.08,7,truck,0.2602543830871582,290.5287780761719,129.76068115234375,382.5082702636719,211.54299926757812
0.08,0,person,0.2513088881969452,390.6563720703125,158.28135681152344,414.9290771484375,260.366455078125
0.12,0,person,0.9112915992736816,0.07178027927875519,143.74339294433594,66.88716888427734,268.7845458984375
0.12,0,person,0.8484596014022827,342.1636047363281,143.16783142089844,395.2853698730469,268.3724060058594
0.12,0,person,0.8006450533866882,406.3714904785156,159.6304473876953,443.154541015625,251.7660675048828
0.12,0,person,0.7569761276245117,301.54095458984375,161.94845581054688,332.2961730957031,241.40631103515625
0.12,0,person,0.7339382767677307,103.18656921386719,159.9026641845703,174.7447967529297,268.6932678222656
0.12,0,person,0.3874093294143677,463.333740234375,156.0760040283203,477.90545654296875,221.2572021484375
0.12,0,person,0.37901127338409424,448.18609619140625,155.45193481445312,465.604736328125,218.30795288085938
0.12,0,person,0.34003567695617676,255.1768798828125,152.65687561035156,272.93341064453125,184.62124633789062
0.12,3,motorcycle,0.30619630217552185,157.0125274658203,168.1063690185547,199.57440185546875,214.45355224609375
0.12,0,person,0.2512635886669159,379.5011291503906,156.01751708984375,409.1573181152344,260.7926330566406
0.16,0,person,0.9097968339920044,0.023225879296660423,144.4095001220703,62.31508255004883,268.7061462402344
0.16,0,person,0.8567234873771667,339.1682434082031,145.40077209472656,394.4404296875,268.2499084472656
0.16,0,person,0.793397843837738,403.4534606933594,161.48431396484375,441.01837158203125,255.1192169189453
0.16,0,person,0.7877121567726135,300.89971923828125,163.1443634033203,330.46612548828125,243.87033081054688
0.16,0,person,0.7864863872528076,100.79911804199219,162.50621032714844,172.16973876953125,269.0821533203125
0.16,0,person,0.5522804260253906,445.48394775390625,155.89871215820312,464.28582763671875,221.70057678222656
0.16,0,person,0.3514847457408905,252.91050720214844,155.6668701171875,268.6568603515625,186.23016357421875
0.16,0,person,0.34549790620803833,464.24169921875,158.04461669921875,477.88641357421875,222.5162811279297
0.16,2,car,0.32911401987075806,270.1761169433594,156.9616241455078,286.15350341796875,166.36204528808594
0.16,0,person,0.30487242341041565,378.5771179199219,157.51036071777344,409.6747131347656,264.50531005859375
0.2,0,person,0.9045295715332031,0.0,146.8082275390625,57.365699768066406,268.8666687011719
0.2,0,person,0.8362047672271729,340.3624267578125,149.47314453125,393.632080078125,268.4466247558594
0.2,0,person,0.7788667678833008,402.6495056152344,163.71939086914062,439.7938537597656,257.70379638671875
0.2,0,person,0.7528092861175537,299.9253845214844,163.85079956054688,328.7799072265625,246.70916748046875
0.2,0,person,0.629636287689209,89.74897766113281,165.9100799560547,169.4513397216797,269.02935791015625
0.2,0,person,0.405529648065567,445.085205078125,160.90084838867188,461.4087829589844,224.22767639160156
0.2,0,person,0.38835832476615906,376.8387756347656,161.48382568359375,408.5439453125,264.87591552734375
0.2,3,motorcycle,0.315024733543396,249.0433807373047,170.6111602783203,266.2158508300781,189.07176208496094
0.2,0,person,0.30168288946151733,463.0341491699219,160.98484802246094,478.0,224.6682891845703
0.2,0,person,0.26280298829078674,250.09225463867188,155.82965087890625,268.57769775390625,188.5673828125
0.24,0,person,0.8942069411277771,0.0,149.41102600097656,51.441917419433594,269.3687744140625
0.24,0,person,0.838312029838562,339.901611328125,150.9146728515625,391.3754577636719,268.40625
0.24,0,person,0.798735499382019,401.702880859375,165.5806884765625,438.67681884765625,259.966796875
0.24,0,person,0.7138276100158691,298.5414123535156,167.09182739257812,327.0689697265625,248.03265380859375
0.24,0,person,0.47728410363197327,378.80169677734375,163.7770538330078,407.9756774902344,268.3497619628906
0.24,0,person,0.3947116732597351,461.3271789550781,158.79144287109375,477.9021301269531,227.75306701660156
0.24,0,person,0.3403312861919403,88.04271697998047,171.73867797851562,161.16854858398438,269.3938903808594
0.24,0,person,0.2531967759132385,442.3877868652344,162.9296875,460.8349914550781,223.81417846679688
0.28,0,person,0.8997288942337036,0.02300649881362915,153.3677978515625,46.03943634033203,269.4162292480469
0.28,0,person,0.834840714931488,338.85040283203125,154.1897735595703,389.43231201171875,268.09002685546875
0.28,0,person,0.833613395690918,399.7539978027344,168.75344848632812,436.5639343261719,261.45233154296875
0.28,0,person,0.7788556814193726,295.8829040527344,169.4098663330078,325.93878173828125,249.64212036132812
0.28,0,person,0.49569952487945557,460.0980224609375,160.56788635253906,477.882080078125,229.86990356445312
0.28,0,person,0.4701620042324066,439.7006530761719,166.69216918945312,457.9173889160156,225.83746337890625
0.28,3,motorcycle,0.31720781326293945,245.3711395263672,174.3668670654297,263.86322021484375,193.74609375
0.32,0,person,0.837091863155365,338.56298828125,157.00355529785156,388.15997314453125,268.5028076171875
0.32,0,person,0.8303562998771667,0.024097705259919167,159.75787353515625,36.54661560058594,268.8748779296875
0.32,0,person,0.8288254737854004,293.0931396484375,169.77354431152344,324.0837097167969,252.68994140625
0.32,0,person,0.8018280267715454,398.93255615234375,170.94320678710938,434.37847900390625,263.99957275390625
0.32,0,person,0.4161221981048584,456.87451171875,160.2049560546875,477.8752746582031,232.98556518554688
0.32,0,person,0.39823809266090393,437.8594055175781,168.9266357421875,457.9969482421875,229.7573699951172
0.32,0,person,0.36721357703208923,372.21453857421875,166.9109344482422,403.56378173828125,268.27490234375
0.32,26,handbag,0.2754460871219635,292.6275329589844,187.81982421875,310.54541015625,215.39247131347656
0.32,0,person,0.25784996151924133,77.14801025390625,176.20484924316406,144.8498077392578,269.3713684082031
0.36,0,person,0.8352867960929871,293.2388000488281,174.2591094970703,323.09332275390625,255.37905883789062
0.36,0,person,0.8304961919784546,336.7933044433594,158.3623046875,387.6062927246094,268.30731201171875
0.36,0,person,0.757327139377594,397.58343505859375,173.90545654296875,434.4131774902344,265.68463134765625
0.36,0,person,0.6447954773902893,0.030576562508940697,191.4723358154297,28.718111038208008,268.9496154785156
0.36,0,person,0.6185067892074585,455.4119567871094,168.466552734375,477.8746337890625,234.8573455810547
0.36,0,person,0.49733203649520874,434.2012023925781,168.82138061523438,456.236083984375,231.84976196289062
0.36,0,person,0.4819183945655823,69.38507843017578,188.69090270996094,139.0619354248047,269.3789367675781
0.36,0,person,0.47946956753730774,1.1038960218429565,181.11419677734375,23.427627563476562,204.9831085205078
0.36,26,handbag,0.46092864871025085,291.47088623046875,187.98165893554688,308.44915771484375,218.9345703125
0.36,26,handbag,0.3529690206050873,291.860107421875,196.18624877929688,308.1558532714844,217.86468505859375
0.36,0,person,0.3411490023136139,40.01791763305664,189.62921142578125,139.7411651611328,269.8380432128906
0.36,0,person,0.2563210129737854,241.12210083007812,165.5746307373047,260.78656005859375,197.5326385498047
0.4,0,person,0.824578046798706,291.5429992675781,174.1396484375,321.8938293457031,258.8309020996094
0.4,0,person,0.7900079488754272,335.7662048339844,159.47613525390625,386.5880126953125,268.55511474609375
0.4,0,person,0.7440575361251831,396.67950439453125,176.257568359375,433.53021240234375,267.72869873046875
0.4,0,person,0.7208012938499451,100.03470611572266,181.97555541992188,137.1268768310547,269.185791015625
0.4,0,person,0.712917149066925,0.033080924302339554,198.56712341308594,21.43447494506836,269.09893798828125
0.4,0,person,0.6718904972076416,453.9750061035156,166.72190856933594,477.86614990234375,235.6856689453125
0.4,0,person,0.5237951874732971,432.98004150390625,169.72987365722656,454.86907958984375,233.66659545898438
0.4,0,person,0.49921897053718567,0.029381364583969116,184.4530029296875,21.89871597290039,210.128662109375
0.4,0,person,0.3285113275051117,56.0719108581543,188.65025329589844,132.8994140625,269.7677001953125
0.4,0,person,0.26957836747169495,368.41656494140625,174.18917846679688,398.6253356933594,268.0089111328125
0.4,2,car,0.2679116129875183,120.95555114746094,174.8516082763672,184.7410125732422,231.54283142089844
0.44,0,person,0.8308722376823425,290.1385498046875,174.82460021972656,321.8156433105469,260.00006103515625
0.44,0,person,0.8112561702728271,333.7450866699219,162.20138549804688,385.8160095214844,269.0550537109375
0.44,0,person,0.7446557879447937,394.5445556640625,175.46536254882812,432.919189453125,267.9023132324219
0.44,0,person,0.6238251328468323,452.5737609863281,165.83038330078125,477.87640380859375,237.65280151367188
0.44,0,person,0.5130663514137268,96.75054931640625,184.80770874023438,134.5595245361328,266.8355407714844
0.44,0,person,0.4864341914653778,431.1366882324219,170.98135375976562,453.7517395019531,234.31219482421875
0.44,0,person,0.3633055090904236,46.647335052490234,186.6986083984375,132.5026092529297,268.8843994140625
0.44,3,motorcycle,0.33908572793006897,238.55938720703125,183.44210815429688,255.9393310546875,201.7733154296875
0.44,0,person,0.3035946786403656,0.07214780896902084,187.15798950195312,16.93152618408203,212.10549926757812
0.44,0,person,0.2645290493965149,0.02891126275062561,214.33682250976562,12.641899108886719,270.0
0.48,0,person,0.815463125705719,288.724365234375,175.4331817626953,320.1025085449219,260.1390380859375
0.48,0,person,0.7894331216812134,334.2918395996094,162.12161254882812,384.3389892578125,269.2773742675781
0.48,0,person,0.7097194790840149,393.3296203613281,175.92001342773438,432.1094970703125,268.80078125
0.48,0,person,0.6192481517791748,450.7272033691406,168.60426330566406,477.7160949707031,238.34725952148438
0.48,0,person,0.4746755063533783,41.72517776489258,187.49160766601562,130.92893981933594,269.64166259765625
0.48,0,person,0.4729103147983551,87.17399597167969,187.3533477783203,131.4120330810547,267.1184387207031
0.48,0,person,0.3620772063732147,432.67120361328125,172.68455505371094,451.85308837890625,235.7098846435547
0.48,0,person,0.313409686088562,151.58827209472656,187.8284149169922,183.5669403076172,234.09304809570312
0.48,0,person,0.2797166109085083,0.01469566859304905,187.77980041503906,16.03606605529785,267.6746520996094
0.48,0,person,0.25454476475715637,0.0,188.7401123046875,15.966228485107422,235.89251708984375
0.52,0,person,0.7979291081428528,287.8875427246094,179.4044189453125,319.53314208984375,261.2806091308594
0.52,0,person,0.7750917673110962,334.0867919921875,163.45187377929688,383.04486083984375,269.28515625
0.52,0,person,0.7300100326538086,391.94390869140625,176.88929748535156,431.86541748046875,269.20111083984375
0.52,0,person,0.6293765306472778,75.1478500366211,187.83348083496094,128.733642578125,269.4438781738281
0.52,0,person,0.5970105528831482,449.88409423828125,172.55596923828125,477.62652587890625,240.11880493164062
0.52,0,person,0.3349962532520294,430.4825744628906,173.68707275390625,447.1637268066406,236.98500061035156
0.52,2,car,0.3248012065887451,119.26364135742188,170.12542724609375,150.04971313476562,194.71791076660156
0.52,0,person,0.3167160451412201,27.08679962158203,192.73573303222656,129.17752075195312,268.96337890625
0.52,0,person,0.25996458530426025,0.02112039364874363,188.39205932617188,11.836517333984375,226.53128051757812
0.56,0,person,0.7620143890380859,334.9160461425781,166.59205627441406,383.2462463378906,269.1739501953125
0.56,0,person,0.7480117678642273,286.9588317871094,180.8538055419922,319.4440002441406,264.39666748046875
0.56,0,person,0.6922098994255066,394.0989074707031,180.7593536376953,433.2959899902344,269.2678527832031
0.56,0,person,0.685078501701355,74.31587982177734,189.87937927246094,126.00967407226562,267.9917297363281
0.56,0,person,0.6519672870635986,450.29217529296875,173.29788208007812,477.5104675292969,243.60292053222656
0.56,0,person,0.5184328556060791,21.51441192626953,191.60580444335938,125.81465911865234,269.38226318359375
0.56,0,person,0.3020036816596985,430.29107666015625,176.92245483398438,447.5508117675781,238.87167358398438
0.6,0,person,0.8559691309928894,68.8550033569336,190.4974822998047,122.65632629394531,268.7287292480469
0.6,0,person,0.7699178457260132,330.6016540527344,166.57351684570312,382.9438781738281,269.11865234375
0.6,0,person,0.7228111028671265,395.7789306640625,181.8217010498047,431.6415100097656,269.7275085449219
0.6,0,person,0.7155717611312866,286.4942932128906,182.41824340820312,319.1319885253906,265.1832580566406
0.6,0,person,0.6883875131607056,449.7904357910156,172.88534545898438,476.9443359375,245.13983154296875
0.6,0,person,0.6040970087051392,2.5159051418304443,196.3008575439453,92.73422241210938,269.6039123535156
0.6,0,person,0.4209809899330139,429.89886474609375,178.71810913085938,446.7871398925781,240.00010681152344
0.6,3,motorcycle,0.4184570610523224,233.5761260986328,188.691650390625,250.12982177734375,206.67034912109375
0.6,0,person,0.26278069615364075,323.4620666503906,171.98524475097656,349.84857177734375,263.590087890625
0.64,0,person,0.8580652475357056,62.674251556396484,191.5658721923828,117.22138977050781,270.0
0.64,0,person,0.8152387738227844,331.063232421875,166.83648681640625,382.87225341796875,269.3226623535156
0.64,0,person,0.7250816226005554,284.6269836425781,183.88214111328125,318.14263916015625,267.40203857421875
0.64,0,person,0.6940643787384033,448.5882568359375,174.46531677246094,476.11376953125,246.49917602539062
0.64,0,person,0.6741788983345032,393.5643005371094,182.41018676757812,431.7504577636719,269.6927185058594
0.64,0,person,0.6409177184104919,0.0,195.4015350341797,82.6271743774414,269.5289611816406
0.64,3,motorcycle,0.48180484771728516,230.84527587890625,188.37750244140625,249.04356384277344,207.70310974121094
0.64,0,person,0.29112568497657776,429.4499206542969,179.04083251953125,446.8563537597656,242.1556854248047
0.64,0,person,0.26353511214256287,233.0059051513672,174.35684204101562,249.2596435546875,206.16297912597656
0.64,2,car,0.26012152433395386,100.99893188476562,182.07241821289062,154.170654296875,244.56741333007812
0.68,0,person,0.8848050236701965,56.45785140991211,191.7848663330078,112.95049285888672,269.67401123046875
0.68,0,person,0.8279443383216858,330.3870544433594,167.93756103515625,383.47216796875,269.3187255859375
0.68,0,person,0.7521483302116394,449.033203125,176.20301818847656,475.9882507324219,247.23660278320312
0.68,0,person,0.7374420166015625,284.5759582519531,184.2987060546875,319.3045654296875,268.8714904785156
0.68,0,person,0.697830080986023,393.3055419921875,180.87161254882812,431.76177978515625,269.25927734375
0.68,0,person,0.5819724202156067,0.19576749205589294,198.14141845703125,53.22048568725586,269.96795654296875
0.68,26,handbag,0.3517112731933594,56.8206672668457,214.92727661132812,91.80708312988281,263.6192932128906
0.68,0,person,0.3516665995121002,321.476318359375,172.9533233642578,342.17364501953125,250.3006591796875
0.68,0,person,0.3038720488548279,430.17547607421875,179.88633728027344,449.2453918457031,243.3336944580078
0.68,0,person,0.2970494329929352,233.8671112060547,175.21250915527344,249.35244750976562,206.79327392578125
0.68,24,backpack,0.2616792619228363,61.38905334472656,213.35986328125,106.75958251953125,269.64862060546875
0.72,0,person,0.8593354225158691,53.43643569946289,192.67063903808594,109.57181549072266,269.1046142578125
0.72,0,person,0.835514485836029,329.3790283203125,168.1289520263672,385.06689453125,269.10992431640625
0.72,0,person,0.7458677887916565,284.4962463378906,185.37002563476562,319.7952880859375,269.6416320800781
0.72,0,person,0.7283785939216614,449.9413146972656,176.5216827392578,476.7019958496094,248.50457763671875
0.72,0,person,0.6791823506355286,391.9027404785156,183.30520629882812,432.3033752441406,269.8262939453125
0.72,0,person,0.4970143437385559,0.0258527509868145,201.95306396484375,36.75321578979492,268.93804931640625
0.72,0,person,0.3664231300354004,321.1626281738281,173.78082275390625,343.3478698730469,251.81991577148438
0.72,0,person,0.3655347228050232,430.4082336425781,181.01983642578125,449.5987854003906,243.9242706298828
0.72,5,bus,0.32100045680999756,266.640380859375,154.51181030273438,344.8523864746094,241.1963653564453
0.72,0,person,0.3209696412086487,233.10035705566406,175.6713409423828,248.8253936767578,208.06126403808594
0.72,0,person,0.30370232462882996,278.72515869140625,169.1657257080078,301.9833679199219,209.45431518554688
0.72,0,person,0.27663207054138184,368.04571533203125,183.5743865966797,396.8155517578125,268.08294677734375
0.76,0,person,0.8851416707038879,48.304622650146484,191.7530975341797,105.32247161865234,270.0
0.76,0,person,0.8256732225418091,331.5527038574219,169.18777465820312,385.1388854980469,269.23486328125
0.76,0,person,0.730168879032135,284.427001953125,187.27371215820312,320.25439453125,270.0
0.76,0,person,0.7174274921417236,449.9398498535156,177.3090057373047,476.967041015625,249.89674377441406
0.76,0,person,0.6877895593643188,392.3259582519531,182.89047241210938,434.07574462890625,269.53936767578125
0.76,0,person,0.33296990394592285,231.85760498046875,175.47764587402344,249.09197998046875,208.86807250976562
0.76,0,person,0.3238360583782196,430.028564453125,180.37464904785156,452.6628112792969,246.2997589111328
0.76,0,person,0.2771146297454834,367.748046875,185.02200317382812,397.8520812988281,267.9888610839844
0.76,0,person,0.2752123475074768,278.6834716796875,168.80389404296875,302.53717041015625,211.69659423828125
0.76,26,handbag,0.2630525529384613,50.819950103759766,216.4979248046875,86.01885986328125,263.68096923828125
0.76,0,person,0.2542673945426941,322.5406799316406,174.12149047851562,342.0350646972656,257.18096923828125
0.8,0,person,0.8778209686279297,43.778709411621094,192.5481719970703,99.32264709472656,270.0
0.8,0,person,0.8225805163383484,328.6438293457031,170.1652374267578,385.6073303222656,269.43743896484375
0.8,0,person,0.7376912236213684,449.1522216796875,177.5991668701172,477.1709899902344,251.44204711914062
0.8,0,person,0.7104740142822266,283.7127685546875,185.71827697753906,318.82476806640625,270.0
0.8,0,person,0.6758843660354614,389.3086853027344,186.8382110595703,433.1654357910156,269.19964599609375
0.8,26,handbag,0.4405171573162079,43.45248031616211,216.3040313720703,80.0336685180664,268.4170227050781
0.8,0,person,0.34113556146621704,427.8951110839844,180.96743774414062,452.6905822753906,246.71905517578125
0.8,0,person,0.3365917503833771,229.71339416503906,176.2252960205078,245.973876953125,210.47000122070312
0.8,0,person,0.30025815963745117,276.6895751953125,170.5230255126953,300.5637512207031,213.41183471679688
0.84,0,person,0.863872230052948,39.61308288574219,192.59312438964844,96.15863037109375,270.0
0.84,0,person,0.8183117508888245,327.3470153808594,171.56422424316406,386.7664794921875,269.4295959472656
0.84,0,person,0.7087150812149048,395.8246154785156,186.378173828125,434.5065612792969,269.671875
0.84,0,person,0.7055521011352539,449.285888671875,179.61326599121094,477.9322509765625,251.7765655517578
0.84,0,person,0.7005494832992554,284.9273986816406,188.27276611328125,319.030517578125,270.0
0.84,26,handbag,0.4378001391887665,40.64756774902344,217.47911071777344,77.13859558105469,269.76177978515625
0.84,0,person,0.30335375666618347,227.181884765625,176.1294708251953,245.2935028076172,211.72073364257812
0.84,0,person,0.2748965322971344,276.12103271484375,170.23123168945312,300.71771240234375,214.5082244873047
0.84,0,person,0.25900033116340637,428.8934326171875,182.512451171875,452.3979187011719,247.35122680664062
0.88,0,person,0.8827454447746277,36.70628356933594,193.31216430664062,92.94844055175781,270.0
0.88,0,person,0.8312298655509949,333.6576232910156,171.4384002685547,386.914306640625,269.2690734863281
0.88,0,person,0.7404308915138245,450.8221130371094,178.80799865722656,477.89251708984375,253.7127685546875
0.88,0,person,0.7363952994346619,395.29071044921875,185.68252563476562,436.5888366699219,269.7096862792969
0.88,0,person,0.7078641057014465,285.4357604980469,188.4672088623047,320.0983581542969,270.0
0.88,0,person,0.3194548785686493,276.9977111816406,172.51541137695312,301.2940979003906,215.39352416992188
0.88,0,person,0.28649330139160156,228.22938537597656,177.08126831054688,244.7382354736328,212.62680053710938
0.92,0,person,0.8568793535232544,33.798133850097656,194.79501342773438,90.33629608154297,270.0
0.92,0,person,0.8297134637832642,334.81622314453125,171.4534912109375,388.6225891113281,269.0962829589844
0.92,0,person,0.7820284366607666,287.48004150390625,188.91566467285156,320.8941345214844,270.0
0.92,0,person,0.727640688419342,401.4423522949219,186.59378051757812,438.6866455078125,269.939208984375
0.92,0,person,0.7157850861549377,453.386962890625,178.30052185058594,477.8807373046875,254.36721801757812
0.92,0,person,0.38875117897987366,386.9345397949219,196.50653076171875,406.7907409667969,268.842529296875
0.92,0,person,0.27747324109077454,274.16253662109375,172.1048126220703,302.2513732910156,245.43505859375
0.92,0,person,0.26684311032295227,430.8940734863281,184.17333984375,453.716064453125,248.42137145996094
0.92,26,handbag,0.26024407148361206,35.425968170166016,217.03907775878906,72.41394805908203,270.0
0.96,0,person,0.8626139163970947,30.202247619628906,195.97616577148438,85.21649169921875,270.0
0.96,0,person,0.8310112357139587,336.1487121582031,171.38723754882812,389.8901672363281,269.08837890625
0.96,0,person,0.8016673922538757,288.59161376953125,189.9819793701172,321.3840026855469,270.0
0.96,0,person,0.7302902340888977,402.9237365722656,187.6402587890625,439.53411865234375,269.756591796875
0.96,0,person,0.6726756691932678,455.0556640625,179.10125732421875,477.868896484375,256.95782470703125
0.96,26,handbag,0.4977966248989105,29.458728790283203,220.81224060058594,63.47069549560547,269.4870300292969
0.96,0,person,0.4510664939880371,387.8706359863281,197.43356323242188,407.5882568359375,268.5019226074219
0.96,0,person,0.31125688552856445,274.1440124511719,173.31878662109375,300.78363037109375,245.64385986328125
0.96,0,person,0.2503751218318939,229.66921997070312,179.43865966796875,244.484130859375,212.7845916748047
1.0,0,person,0.869318425655365,25.64483642578125,198.71360778808594,81.13817596435547,269.9644470214844
1.0,0,person,0.829572319984436,288.8103332519531,191.0536651611328,321.432861328125,270.0
1.0,0,person,0.8163150548934937,335.60223388671875,173.04360961914062,389.3068542480469,269.1432800292969
1.0,0,person,0.7163116335868835,401.9644470214844,192.447998046875,437.93988037109375,269.9421081542969
1.0,0,person,0.6740680932998657,455.9259033203125,178.80918884277344,477.86224365234375,255.96533203125
1.0,0,person,0.5044187307357788,387.6925964355469,196.98141479492188,407.2546691894531,269.344970703125
1.0,0,person,0.36855706572532654,228.8045654296875,179.80516052246094,244.89256286621094,213.1744842529297
1.0,0,person,0.3599957823753357,433.3118591308594,183.0169677734375,452.9200744628906,250.74327087402344
1.0,0,person,0.34031206369400024,326.1046142578125,176.03115844726562,347.8226013183594,258.0382995605469
1.0,0,person,0.3280828893184662,275.99420166015625,173.66098022460938,302.76708984375,245.84353637695312
1.0,0,person,0.32301223278045654,138.0244598388672,199.92727661132812,167.1016845703125,239.2132568359375
1.0,0,person,0.28855082392692566,237.38375854492188,180.6473388671875,246.4945068359375,210.69158935546875
1.0,7,truck,0.2708067297935486,0.14484834671020508,172.99658203125,139.44424438476562,268.82452392578125
1.0,3,motorcycle,0.2704639434814453,171.57534790039062,203.53256225585938,208.5086212158203,229.42401123046875
1.04,0,person,0.8586891293525696,22.113237380981445,199.40792846679688,75.54927062988281,270.0
1.04,0,person,0.8371039032936096,289.1264953613281,191.4629364013672,321.436279296875,270.0
1.04,0,person,0.8007036447525024,336.1182861328125,173.89712524414062,389.4206848144531,269.5303039550781
1.04,0,person,0.7052628397941589,401.84259033203125,189.48057556152344,438.98284912109375,269.9255065917969
1.04,0,person,0.6843586564064026,455.9300842285156,178.530517578125,477.8828430175781,256.79827880859375
1.04,0,person,0.5475255846977234,387.17376708984375,197.77723693847656,407.531494140625,269.7751770019531
1.04,0,person,0.3906992971897125,433.46771240234375,182.19090270996094,454.4297180175781,251.00242614746094
1.04,0,person,0.35236018896102905,228.88760375976562,180.36306762695312,243.98902893066406,213.829345703125
1.04,0,person,0.3440285623073578,326.0345458984375,174.74110412597656,351.51513671875,259.3409729003906
1.04,0,person,0.32028016448020935,276.219970703125,174.21913146972656,302.7061462402344,246.50125122070312
1.08,0,person,0.8674849271774292,16.56505584716797,200.38742065429688,70.79988098144531,269.90313720703125
1.08,0,person,0.8179224729537964,289.22149658203125,191.73117065429688,322.313720703125,270.0
1.08,0,person,0.8054330945014954,335.6834411621094,173.16819763183594,389.8195495605469,269.0816955566406
1.08,0,person,0.715531051158905,402.43023681640625,190.33346557617188,442.0014953613281,270.0
1.08,0,person,0.6051684021949768,456.74542236328125,178.6227264404297,477.8796691894531,257.0668029785156
1.08,0,person,0.5205748677253723,388.08270263671875,198.5545654296875,407.6185302734375,269.02001953125
1.08,0,person,0.4001689851284027,276.02520751953125,174.50848388671875,300.8152160644531,246.68043518066406
1.08,0,person,0.36144039034843445,228.02935791015625,180.48513793945312,243.51918029785156,214.32199096679688
1.08,0,person,0.32393112778663635,326.88714599609375,177.68226623535156,354.0953674316406,260.3710021972656
1.08,0,person,0.314377099275589,436.1026611328125,181.38253784179688,456.0237731933594,251.90684509277344
1.08,7,truck,0.26562896370887756,0.1010291576385498,172.2333221435547,120.41067504882812,269.2203063964844
1.08,0,person,0.26330840587615967,324.0906982421875,175.8172149658203,346.5328674316406,259.861572265625
1.12,0,person,0.8779316544532776,11.45145320892334,201.1087646484375,64.80596160888672,269.9551086425781
1.12,0,person,0.827435314655304,288.93756103515625,191.84751892089844,323.3128662109375,270.0
1.12,0,person,0.7952198386192322,335.8258056640625,173.29849243164062,389.6233215332031,269.0356140136719
1.12,0,person,0.6837897300720215,403.19989013671875,189.31271362304688,440.5806579589844,270.0
1.12,0,person,0.6003682613372803,457.042724609375,178.37559509277344,477.8802795410156,257.0414123535156
1.12,7,truck,0.5021941661834717,0.24185457825660706,171.7136993408203,124.55587768554688,267.2581787109375
1.12,0,person,0.4459531903266907,387.66827392578125,195.96461486816406,408.92724609375,269.6240539550781
1.12,0,person,0.44272392988204956,274.93475341796875,174.01663208007812,301.8392333984375,248.30543518066406
1.12,0,person,0.3351958692073822,226.8101806640625,179.75765991210938,244.44908142089844,214.4495849609375
1.12,0,person,0.3261794149875641,327.4561462402344,178.04058837890625,356.82440185546875,262.0523986816406
1.12,0,person,0.32611283659935,436.1211242675781,181.75283813476562,455.1064453125,251.5303497314453
1.12,0,person,0.2979469299316406,111.75659942626953,188.19932556152344,139.37693786621094,213.7012939453125
1.12,1,bicycle,0.2716178596019745,266.5078125,222.82571411132812,282.8630676269531,250.49620056152344
1.12,0,person,0.2715328633785248,132.9715118408203,199.62841796875,162.65341186523438,242.0849609375
1.16,0,person,0.8811805248260498,5.884763240814209,201.48558044433594,61.15439224243164,270.0
1.16,0,person,0.8201499581336975,289.49456787109375,192.1740264892578,324.48773193359375,269.8905029296875
1.16,0,person,0.7987656593322754,336.0235900878906,172.45013427734375,389.5859069824219,269.1773376464844
1.16,0,person,0.6734340190887451,404.02166748046875,189.67074584960938,439.94891357421875,269.9271545410156
1.16,0,person,0.5082401037216187,458.4598083496094,177.26177978515625,477.88458251953125,256.89483642578125
1.16,0,person,0.4928310811519623,386.36541748046875,194.6752166748047,409.66815185546875,269.82696533203125
1.16,0,person,0.4633353650569916,273.5579833984375,174.44383239746094,302.9966125488281,250.31378173828125
1.16,7,truck,0.41229790449142456,0.2422192543745041,168.63441467285156,100.55915069580078,266.6097106933594
1.16,0,person,0.38853999972343445,225.96951293945312,179.94381713867188,241.70680236816406,215.11737060546875
1.16,3,motorcycle,0.32440876960754395,225.0486602783203,192.7166290283203,242.9087371826172,215.79641723632812
1.16,0,person,0.2953867018222809,327.4797668457031,176.6883544921875,357.53326416015625,261.467529296875
1.16,0,person,0.2689163088798523,435.9348449707031,182.04714965820312,455.49365234375,252.3960723876953
1.16,0,person,0.25604555010795593,324.00567626953125,176.45680236816406,346.8209228515625,262.4201965332031
1.2,0,person,0.8938722014427185,0.47630149126052856,201.67092895507812,56.647987365722656,270.0
1.2,0,person,0.8316634297370911,290.15789794921875,191.73818969726562,325.2510070800781,270.0
1.2,0,person,0.7907780408859253,336.715087890625,175.16311645507812,389.68017578125,269.5403747558594
1.2,0,person,0.7057419419288635,403.54937744140625,188.40834045410156,439.6891174316406,270.0
1.2,0,person,0.5335897207260132,273.68133544921875,173.978759765625,304.2314758300781,250.99978637695312
1.2,0,person,0.522506594657898,458.6324462890625,177.730712890625,477.8838806152344,257.1270446777344
1.2,0,person,0.458202600479126,383.4611511230469,192.43919372558594,410.26495361328125,269.9383239746094
1.2,0,person,0.38207367062568665,326.7856140136719,176.8253173828125,347.57867431640625,263.5153503417969
1.2,0,person,0.3118133842945099,328.218505859375,177.5942840576172,355.01019287109375,261.7715148925781
1.2,1,bicycle,0.29625973105430603,265.8794860839844,223.3616180419922,282.4399108886719,251.39642333984375
1.2,3,motorcycle,0.2747385501861572,223.22122192382812,191.24166870117188,242.81570434570312,216.2776641845703
1.2,0,person,0.25402671098709106,108.71418762207031,188.6462860107422,136.09336853027344,213.8077392578125
1.24,0,person,0.873176097869873,0.021693062037229538,200.86288452148438,53.28782653808594,269.5369873046875
1.24,0,person,0.8053117394447327,336.6907958984375,172.4144744873047,390.1810607910156,269.53509521484375
1.24,0,person,0.7971602082252502,290.2882995605469,192.05645751953125,326.9466857910156,270.0
1.24,0,person,0.7520363926887512,404.7676086425781,187.45687866210938,439.9156799316406,269.49761962890625
1.24,0,person,0.5968008041381836,274.341796875,173.3648223876953,303.06646728515625,251.81396484375
1.24,0,person,0.5192961096763611,458.15966796875,176.91355895996094,477.8880310058594,257.70703125
1.24,0,person,0.436129093170166,326.9151611328125,176.8758544921875,346.0642395019531,264.337646484375
1.24,0,person,0.4081529676914215,387.8020935058594,193.97940063476562,410.257568359375,269.4380187988281
1.24,3,motorcycle,0.2984554171562195,222.92837524414062,192.11221313476562,243.15892028808594,216.5368194580078
1.24,0,person,0.28565514087677,438.7540588378906,182.10389709472656,458.0404357910156,253.12310791015625
1.28,0,person,0.874722957611084,0.0,200.83352661132812,50.326377868652344,270.0
1.28,0,person,0.8060943484306335,337.0780334472656,172.14132690429688,390.7415466308594,269.4978332519531
1.28,0,person,0.777267575263977,290.2225341796875,191.60247802734375,328.1706848144531,270.0
1.28,0,person,0.753828763961792,403.76177978515625,188.837890625,440.2408752441406,269.81683349609375
1.28,0,person,0.6278867721557617,274.6134948730469,173.32948303222656,302.21392822265625,251.55332946777344
1.28,0,person,0.5578026175498962,458.9077453613281,177.10015869140625,477.88995361328125,257.99896240234375
1.28,0,person,0.410981148481369,326.6228942871094,177.3702392578125,346.41357421875,265.7161865234375
1.28,0,person,0.35749581456184387,380.5440673828125,190.46133422851562,411.4577941894531,269.71185302734375
1.28,0,person,0.3386235237121582,224.84669494628906,180.02627563476562,244.22035217285156,215.79495239257812
1.28,0,person,0.3192954659461975,388.2147216796875,193.2971649169922,409.8502197265625,269.0352478027344
1.28,0,person,0.28472900390625,436.7505798339844,183.33160400390625,457.42901611328125,253.39881896972656
1.28,7,truck,0.2709832489490509,0.0984763652086258,170.34999084472656,134.18936157226562,235.7426300048828
1.28,3,motorcycle,0.2562066912651062,222.9021453857422,188.63681030273438,243.15269470214844,217.02536010742188
1.32,0,person,0.8819206357002258,0.027163337916135788,201.05465698242188,46.737422943115234,269.50689697265625
1.32,0,person,0.801118016242981,337.3003234863281,172.25477600097656,391.32110595703125,269.3020324707031
1.32,0,person,0.7586805820465088,289.8258361816406,192.24205017089844,327.80670166015625,270.0
1.32,0,person,0.7097046375274658,402.58099365234375,188.09951782226562,440.0699768066406,269.786376953125
1.32,0,person,0.6452873945236206,274.5248107910156,175.31129455566406,301.46484375,251.54978942871094
1.32,0,person,0.5580589175224304,458.7095642089844,176.38914489746094,477.8900146484375,258.1672058105469
1.32,0,person,0.38490110635757446,326.0486755371094,176.4722900390625,347.38958740234375,265.98529052734375
1.32,1,bicycle,0.33611565828323364,264.5091857910156,224.32630920410156,281.1674499511719,252.43276977539062
1.32,3,motorcycle,0.32662636041641235,221.2958221435547,192.861328125,241.76905822753906,217.220458984375
1.32,0,person,0.30629628896713257,326.83245849609375,176.9973907470703,355.3939514160156,262.63482666015625
1.32,0,person,0.3027050495147705,150.25881958007812,188.7460174560547,169.4490509033203,220.96511840820312
1.32,0,person,0.29964539408683777,436.8318786621094,184.7432098388672,457.130615234375,253.29441833496094
1.32,0,person,0.26557236909866333,221.31614685058594,179.96302795410156,241.82676696777344,215.92019653320312
1.36,0,person,0.8705407381057739,0.036844588816165924,201.63555908203125,41.765995025634766,269.8301086425781
1.36,0,person,0.8114500045776367,337.49761962890625,172.11143493652344,392.1143798828125,269.3137512207031
1.36,0,person,0.7707915902137756,289.44805908203125,191.84579467773438,327.9924621582031,270.0
1.36,0,person,0.6727211475372314,393.5898132324219,186.41473388671875,440.570556640625,270.0
1.36,0,person,0.6557679772377014,273.71832275390625,174.2656707763672,301.8753662109375,251.9957733154297
1.36,0,person,0.5777491927146912,460.2005310058594,176.50845336914062,477.8686218261719,259.0907287597656
1.36,0,person,0.39985963702201843,326.0401611328125,176.7096710205078,346.5256042480469,266.69378662109375
1.36,0,person,0.3221741318702698,221.880126953125,180.0107421875,240.70025634765625,216.543701171875
1.36,0,person,0.2831534147262573,148.54237365722656,188.8724822998047,169.0777587890625,223.6635284423828
1.4,0,person,0.8660748600959778,0.03262791782617569,202.60211181640625,38.39408493041992,269.9302673339844
1.4,0,person,0.7998138666152954,337.5640563964844,173.08558654785156,391.97576904296875,269.2062683105469
1.4,0,person,0.7419600486755371,289.3302001953125,192.31903076171875,329.5662536621094,270.0
1.4,0,person,0.679163932800293,400.4706115722656,185.87623596191406,440.0396728515625,269.9128112792969
1.4,0,person,0.6377506256103516,274.0494079589844,174.55145263671875,302.9803771972656,252.75796508789062
1.4,0,person,0.5482198596000671,460.1266174316406,177.19540405273438,477.8632507324219,259.1076965332031
1.4,0,person,0.4132504165172577,326.5128479003906,176.95501708984375,346.7889099121094,266.6925354003906
1.4,0,person,0.35258162021636963,30.942119598388672,217.728759765625,63.45010757446289,266.96343994140625
1.4,0,person,0.3038312792778015,327.4772033691406,174.98150634765625,353.2068176269531,263.28546142578125
1.4,0,person,0.2905423045158386,220.91522216796875,180.65464782714844,238.58152770996094,216.44288635253906
